{
    "1": {
        "0": 0.0049645197577774525,
        "1": 0.007671961560845375,
        "2": 0.014548289589583874,
        "3": 0.023337680846452713,
        "4": 0.029871784150600433,
        "5": 0.7461571097373962
    },
    "2": {
        "0": 0.00014354841550812125,
        "1": 0.00023000976943876594,
        "2": 0.00022724487644154578,
        "3": 0.0002756187168415636,
        "4": 0.0003138032625429332,
        "5": 0.33894142508506775
    },
    "3": {
        "0": 0.0001411117409588769,
        "1": 0.00022795062977820635,
        "2": 0.0002273638965561986,
        "3": 0.000275983038591221,
        "4": 0.0003113577840849757,
        "5": 0.24822290241718292
    },
    "4": {
        "0": 0.000141112512210384,
        "1": 0.00022795061522629112,
        "2": 0.00022736392566002905,
        "3": 0.0002759832132142037,
        "4": 0.00031135950121097267,
        "5": 0.22147203981876373
    },
    "5": {
        "0": 0.0001411121484125033,
        "1": 0.00022795087716076523,
        "2": 0.0002273636928293854,
        "3": 0.00027598364977166057,
        "4": 0.00031135944300331175,
        "5": 0.23345498740673065
    },
    "6": {
        "0": 0.0001411121484125033,
        "1": 0.00022795084805693477,
        "2": 0.00022736383834853768,
        "3": 0.00027598312590271235,
        "4": 0.00031135903554968536,
        "5": 0.2084047645330429
    }
}